meso_ID,depth,Date,Time,Temp °C,Cond µS/cm,nLF Cond µS/cm,SpCond µS/cm,TDS mg/L,Sal psu,ODO % sat,ODO mg/L,Press psi a,pH,pH mV,ORP mV,ORP raw mV,Depth m,Turbidity FNU,TSS mg/L,Chlorophyll RFU,Chlorophyll µg/L,BGA-PC RFU,BGA-PC µg/L,fDOM RFU,fDOM QSU,Cable Pwr V,Battery V,Longitude Degrees,Latitude Degrees,ODO % EU,Baro mmHg
test,NA,08/21/2017,13:50:52,18.8,0.3,0.3,0.3,0,0,101.3,9.43,0.155,5.89,64.6,192.8,192.8,0.109,2.98,0,0.11,0.38,0.59,0.58,0.92,2.26,0,5.5,18.631001,59.836315,101.5,758.1
12,1,08/21/2017,14:06:06,18.963,253.2,289.1,286.2,186,0.14,105.9,9.82,0.286,8.93,-113,174.8,174.8,0.202,0.88,0,0.2,0.76,0.03,0.01,13.06,38.77,0,5.4,18.630966,59.836384,106.2,758.1
12,2,08/21/2017,14:07:33,18.393,250.2,289.6,286.4,186,0.14,100.8,9.46,1.318,8.91,-111.6,165,165,0.928,0.93,0,0.34,1.32,0.05,0.03,13.47,40,0,5.4,18.630983,59.836384,101.1,758.1
12,3,08/21/2017,14:08:48,18.298,249.6,289.5,286.2,186,0.14,99.6,9.37,1.835,8.9,-111.2,158.7,158.7,1.292,0.94,0,0.28,1.08,0.03,0.02,13.46,39.95,0,5.4,18.631018,59.836384,99.9,758.2
8,1,08/21/2017,14:10:48,19.204,255.3,290,287.1,187,0.14,106.1,9.8,0.225,8.95,-114.4,151.5,151.5,0.159,0.45,0,0.12,0.42,0.03,0.02,12.78,37.93,0,5.4,18.63105,59.836349,106.4,758.1
8,2,08/21/2017,14:12:19,18.509,252.1,290.9,287.8,187,0.14,100.4,9.4,1.32,8.88,-110.1,147.5,147.5,0.929,0.46,0,0.14,0.5,0.01,0,12.94,38.39,0,5.4,18.63105,59.836349,100.7,758.2
8,3,08/21/2017,14:13:18,18.423,251.4,290.8,287.6,187,0.14,99.6,9.34,1.838,8.87,-109.4,145.3,145.3,1.294,0.45,0,0.13,0.48,0.03,0.02,12.97,38.49,0,5.4,18.63105,59.836349,99.9,758.1
5,1,08/21/2017,14:56:59,19.453,221.2,249.8,247.4,161,0.12,133.3,12.25,0.207,9.77,-162.4,181.9,181.9,0.146,1.25,0,0.36,1.4,0.09,0.08,15.94,47.44,0,5.3,18.631018,59.836349,133.7,758.2
5,2,08/21/2017,14:58:22,18.571,220.2,253.8,251.1,163,0.12,94.2,8.81,1.324,9.45,-143.2,171.1,171.1,0.933,1.65,0,0.43,1.67,0.16,0.15,16.6,49.41,0,5.3,18.63105,59.836334,94.5,758.3
5,3,08/21/2017,14:59:38,18.425,219.6,253.9,251.1,163,0.12,91.4,8.57,1.832,9.43,-142.1,163.8,163.8,1.29,1.52,0,0.46,1.78,0.16,0.15,16.67,49.61,0,5.3,18.631018,59.836349,91.6,758.3
4,1,08/21/2017,15:14:27,19.495,219.4,247.6,245.2,159,0.12,157.5,14.46,0.208,9.87,-168,159.4,159.4,0.146,0.65,0,0.27,1.03,0.07,0.06,14.92,44.35,0,5.3,18.63105,59.836369,157.9,758.2
4,2,08/21/2017,15:15:48,18.513,218.3,251.9,249.2,162,0.12,124.7,11.68,1.392,9.61,-152.6,144.7,144.7,0.98,0.93,0,0.33,1.29,0.13,0.12,15.36,45.69,0,5.3,18.63105,59.836369,125,758.2
4,3,08/21/2017,15:17:05,18.385,217.6,251.9,249.1,162,0.12,121.8,11.44,1.856,9.59,-151,134.7,134.7,1.307,1.03,0,0.34,1.31,0.13,0.11,15.43,45.89,0,5.3,18.631018,59.836369,122.1,758.1
7,1,08/21/2017,15:34:43,19.36,245.7,278,275.3,179,0.13,142.5,13.11,0.213,10.01,-176.1,155.1,155.1,0.15,0.92,0,0.33,1.26,0.1,0.09,15.52,46.17,0,5.3,18.631067,59.836334,142.8,758.2
7,2,08/21/2017,15:36:02,18.537,243.3,280.7,277.6,180,0.13,111.8,10.46,1.367,9.78,-162.6,144.5,144.5,0.962,1.03,0,0.36,1.39,0.13,0.12,16.13,48,0,5.3,18.631067,59.836315,112,758.3
7,3,08/21/2017,15:37:12,18.381,242.6,280.8,277.7,181,0.13,106.9,10.04,1.873,9.76,-161.1,138.4,138.4,1.319,1.24,0,0.4,1.56,0.13,0.12,16.17,48.11,0,5.3,18.631033,59.836315,107.2,758.2
10,1,08/21/2017,15:51:42,19.632,247.3,278.2,275.6,179,0.13,181.8,16.64,0.26,10.32,-194.5,143,143,0.183,0.38,0,0.73,2.88,0.5,0.49,14.04,41.72,0,5.2,18.631033,59.836285,182.2,758.1
10,2,08/21/2017,15:52:45,18.709,240.1,275.8,272.9,177,0.13,151.6,14.14,1.27,10.12,-182.2,124.5,124.5,0.894,0.34,0,0.28,1.09,0.12,0.11,14.63,43.49,0,5.2,18.631001,59.836285,152,758.2
10,3,08/21/2017,15:54:01,18.485,238.6,275.6,272.6,177,0.13,147.9,13.85,1.821,10.1,-181.1,109.5,109.5,1.282,0.44,0,0.3,1.15,0.11,0.09,14.68,43.63,0,5.2,18.631018,59.8363,148.2,758.1
12,1,08/21/2017,18:11:17,19.345,255,288.7,285.9,186,0.14,108.7,10.01,0.223,9.05,-120,120.3,120.3,0.157,0.76,0,0.19,0.71,0.01,-0.01,12.87,38.2,0,5.2,18.631001,59.836384,108.9,758.9
12,2,08/21/2017,18:12:32,18.718,252.2,289.7,286.6,186,0.14,102.6,9.57,1.357,8.96,-114.9,118.9,118.9,0.956,1.03,0,0.32,1.23,0.02,0.01,13.22,39.24,0,5.2,18.631001,59.836384,102.8,758.7
12,3,08/21/2017,18:13:43,18.573,251.4,289.7,286.6,186,0.14,101.2,9.47,1.882,8.95,-113.9,117.6,117.6,1.325,1.13,0,0.39,1.5,0.04,0.03,13.28,39.41,0,5.2,18.630951,59.836384,101.4,758.7
8,1,08/21/2017,18:32:58,19.192,255.3,290,287.1,187,0.14,107.1,9.89,0.21,8.99,-116.7,211.8,211.8,0.148,0.47,0,0.13,0.48,0.02,0.01,12.88,38.23,0,5.2,18.6311,59.836315,107.2,759
8,2,08/21/2017,18:34:25,18.828,254.1,291.2,288.1,187,0.14,101.2,9.41,1.342,8.92,-112.3,197.1,197.1,0.945,0.54,0,0.21,0.79,0.01,0,13.04,38.71,0,5.2,18.631067,59.836315,101.3,758.9
8,3,08/21/2017,18:35:43,18.644,252.9,291,287.8,187,0.14,100.1,9.34,1.884,8.91,-111.6,190.8,190.8,1.327,0.55,0,0.19,0.7,0.05,0.03,13.05,38.73,0,5.2,18.631067,59.836315,100.2,759
5,1,08/21/2017,19:00:44,19.289,220,249.4,247,161,0.12,135.5,12.49,0.183,9.85,-167.1,206.5,206.5,0.129,1.17,0,0.41,1.59,0.13,0.12,16.22,48.26,0,5.1,18.631067,59.836334,135.7,759
5,2,08/21/2017,19:02:04,18.942,223.8,255.7,253.1,165,0.12,94.6,8.78,1.304,9.43,-142.4,193.4,193.4,0.918,2.87,0,0.52,2.06,0.18,0.17,16.55,49.24,0,5.1,18.63105,59.836349,94.7,759.1
5,3,08/21/2017,19:03:14,18.805,223.4,256.1,253.4,165,0.12,89.9,8.37,1.826,9.41,-141.1,186.3,186.3,1.286,2.87,0,0.61,2.39,0.18,0.17,16.54,49.24,0,5.1,18.631067,59.836334,90.1,759
4,1,08/21/2017,19:20:09,19.196,216.9,246.4,243.9,159,0.12,154.3,14.25,0.22,9.89,-169.2,203.3,203.3,0.155,0.64,0,0.29,1.11,0.12,0.11,14.9,44.29,0,5.1,18.631067,59.836384,154.5,759.2
4,2,08/21/2017,19:21:41,18.826,219.5,251.5,248.9,162,0.12,127.1,11.83,1.361,9.62,-153.3,181,181,0.958,1.05,0,0.35,1.34,0.11,0.1,15.41,45.82,0,5.1,18.63105,59.836369,127.3,759.2
4,3,08/21/2017,19:22:57,18.669,218.7,251.5,248.8,162,0.12,126.3,11.79,1.835,9.62,-153.2,170.2,170.2,1.292,1.02,0,0.35,1.34,0.12,0.11,15.43,45.9,0,5.1,18.631067,59.836369,126.4,759.1
7,1,08/21/2017,19:42:42,19.066,243.6,277.6,274.8,179,0.13,128.2,11.87,0.194,9.92,-171.1,145.9,145.9,0.137,1.2,0,0.37,1.43,0.13,0.12,15.86,47.17,0,5,18.63105,59.836334,128.3,759.4
7,2,08/21/2017,19:44:01,18.923,244.5,279.5,276.6,180,0.13,111.3,10.34,1.326,9.78,-162.7,138.1,138.1,0.933,1.83,0,0.43,1.68,0.16,0.15,16.03,47.7,0,5,18.63105,59.836334,111.4,759.5
7,3,08/21/2017,19:45:20,18.698,243.7,280.1,277.1,180,0.13,104.1,9.71,1.832,9.74,-160.2,134.3,134.3,1.29,2.11,0,0.44,1.7,0.15,0.14,16.11,47.93,0,5,18.631033,59.836349,104.2,759.5
10,1,08/21/2017,19:56:28,19.211,244.7,277.9,275.2,179,0.13,167.4,15.46,0.215,10.27,-191.3,104.3,104.3,0.152,0.32,0,0.28,1.07,0.1,0.09,14.33,42.6,0,5,18.631033,59.836334,167.5,759.6
10,2,08/21/2017,19:57:44,19.028,243,277.1,274.3,178,0.13,153.7,14.24,1.302,10.13,-183.3,86.1,86.1,0.917,0.42,0,0.31,1.19,0.13,0.12,14.64,43.52,0,5,18.631083,59.836315,153.9,758.9
10,3,08/21/2017,19:58:52,18.803,241.8,277.2,274.3,178,0.13,147.6,13.73,1.848,10.1,-181.1,75.7,75.7,1.302,0.8,0,0.33,1.28,0.13,0.11,14.7,43.7,0,5,18.631033,59.836334,147.7,759.3
12,1,08/21/2017,22:33:54,18.944,248.6,284.1,281.1,183,0.13,104.1,9.66,0.234,8.99,-116.4,109.4,109.4,0.165,0.79,0,0.21,0.8,0.05,0.03,13.44,39.9,0,5.1,18.631018,59.836334,104.1,760.1
12,2,08/21/2017,22:35:23,18.946,249.9,285.5,282.6,184,0.13,103.7,9.63,1.342,8.99,-116.3,109.3,109.3,0.945,0.89,0,0.24,0.91,0.02,0,13.39,39.76,0,5.1,18.630951,59.836349,103.7,760
12,3,08/21/2017,22:36:35,18.798,249.9,286.4,283.4,184,0.14,101.7,9.47,1.862,8.97,-115,110.3,110.3,1.311,1.01,0,0.3,1.16,0.04,0.03,13.48,40.02,0,5.1,18.630917,59.836349,101.7,759.9
8,1,08/21/2017,23:01:44,18.967,254,290.1,287.1,187,0.14,102.6,9.51,0.181,8.95,-113.9,135.7,135.7,0.128,0.53,0,0.14,0.5,0.02,0.01,12.98,38.52,0,5,18.631033,59.836369,102.6,759.9
8,2,08/21/2017,23:03:10,18.979,254.4,290.4,287.4,187,0.14,102.6,9.51,1.297,8.95,-114.1,129.5,129.5,0.914,0.5,0,0.13,0.45,0.01,0,12.96,38.48,0,5,18.631033,59.836384,102.6,759.9
8,3,08/21/2017,23:04:35,18.925,254.3,290.7,287.7,187,0.14,101.2,9.4,1.821,8.93,-112.9,127.9,127.9,1.283,0.56,0,0.2,0.74,0.03,0.01,13.02,38.63,0,5,18.631067,59.836349,101.3,759.8
5,1,08/21/2017,23:27:19,18.988,220.6,251.8,249.2,162,0.12,100.7,9.33,0.214,9.55,-149.2,110.1,110.1,0.151,1.92,0,0.46,1.78,0.17,0.15,16.54,49.23,0,4.9,18.63105,59.836334,100.7,759.8
5,2,08/21/2017,23:28:42,19.008,222.1,253.4,250.8,163,0.12,100.5,9.32,1.236,9.56,-149.7,106.9,106.9,0.871,2.02,0,0.49,1.9,0.16,0.15,16.51,49.15,0,4.9,18.63105,59.836349,100.6,759.8
5,3,08/21/2017,23:29:59,18.976,224.3,256.1,253.5,165,0.12,83.4,7.74,1.836,9.4,-140.2,107.7,107.7,1.293,3.58,0,0.59,2.32,0.19,0.18,16.64,49.52,0,4.9,18.631067,59.836349,83.5,759.7
4,1,08/21/2017,23:49:31,18.884,217.7,249.1,246.5,160,0.12,131.1,12.18,0.213,9.7,-158,96.5,96.5,0.15,0.79,0,0.31,1.19,0.14,0.12,15.24,45.31,0,4.9,18.631201,59.836315,131.1,759.8
4,2,08/21/2017,23:50:53,18.932,218.3,249.5,246.9,160,0.12,132.2,12.27,1.31,9.71,-158.4,82.2,82.2,0.923,0.79,0,0.32,1.22,0.12,0.11,15.25,45.34,0,4.9,18.63105,59.836349,132.2,759.9
4,3,08/21/2017,23:52:05,18.911,218.7,250.1,247.5,161,0.12,129.7,12.05,1.789,9.68,-156.7,74,74,1.26,1.24,0,0.35,1.37,0.12,0.11,15.34,45.63,0,4.9,18.631018,59.836349,129.8,759.8
7,1,08/22/2017,00:19:49,18.876,244.3,279.6,276.7,180,0.13,109.4,10.17,0.195,9.8,-163.5,96.2,96.2,0.137,1.62,0,0.44,1.7,0.16,0.14,16.04,47.74,0,4.9,18.63105,59.836349,109.5,759.9
7,2,08/22/2017,00:21:09,18.883,244.5,279.8,276.9,180,0.13,109.4,10.17,1.303,9.8,-163.6,90.9,90.9,0.917,1.54,0,0.44,1.71,0.16,0.15,16.08,47.83,0,4.9,18.631067,59.836334,109.4,760.1
7,3,08/22/2017,00:22:29,18.888,244.6,279.9,277,180,0.13,109.4,10.16,1.845,9.79,-163.5,87.3,87.3,1.299,1.71,0,0.44,1.7,0.15,0.14,16.05,47.77,0,4.9,18.631067,59.836315,109.4,759.9
10,1,08/22/2017,00:44:34,18.925,241.9,276.5,273.6,178,0.13,148.2,13.76,0.196,10.14,-183.4,78.3,78.3,0.138,0.39,0,0.4,1.54,0.14,0.13,14.73,43.78,0,4.8,18.631018,59.836285,148.2,760
10,2,08/22/2017,00:45:54,18.943,242.2,276.8,273.9,178,0.13,149.7,13.9,1.322,10.14,-183.8,54.1,54.1,0.931,0.4,0,0.37,1.43,0.12,0.1,14.71,43.71,0,4.8,18.631083,59.836285,149.7,760
10,3,08/22/2017,00:47:34,18.938,242.2,276.8,274,178,0.13,149.9,13.91,1.824,10.14,-183.4,32.3,32.3,1.284,0.37,0,0.37,1.44,0.14,0.13,14.7,43.7,0,4.8,18.63105,59.83625,149.8,760.1
12,1,08/22/2017,02:17:44,18.755,251.6,288.7,285.6,186,0.14,101.8,9.49,0.189,8.97,-114.9,109.3,109.3,0.133,0.83,0,0.36,1.37,0.03,0.02,13.52,40.15,0,4.8,18.631033,59.836384,101.8,760
12,2,08/22/2017,02:19:18,18.809,252.5,289.4,286.4,186,0.14,101.9,9.48,1.357,8.96,-114.8,108.6,108.6,0.956,0.77,0,0.27,1.03,0.03,0.02,13.5,40.07,0,4.8,18.631001,59.836384,101.9,760.1
12,3,08/22/2017,02:20:27,18.825,252.7,289.5,286.4,186,0.14,101.7,9.46,1.81,8.96,-114.6,109.4,109.4,1.275,0.8,0,0.22,0.84,0.01,0,13.5,40.08,0,4.8,18.631018,59.836399,101.7,760.1
8,1,08/22/2017,02:55:40,18.776,251.4,288.4,285.3,185,0.14,100.4,9.35,0.285,8.92,-112.3,115.6,115.6,0.201,0.51,0,0.15,0.53,0.02,0,13.03,38.68,0,4.7,18.631033,59.836315,100.4,760.2
8,2,08/22/2017,02:56:58,18.836,253.1,289.9,286.8,186,0.14,100.4,9.34,1.321,8.92,-112.4,114.8,114.8,0.93,0.49,0,0.15,0.53,0.01,0,13.03,38.67,0,4.7,18.631033,59.836334,100.4,760.1
8,3,08/22/2017,02:58:18,18.846,253.2,290,286.9,187,0.14,100.3,9.32,1.783,8.91,-112,115.1,115.1,1.255,0.49,0,0.16,0.59,0.01,0,13.02,38.63,0,4.7,18.63105,59.836334,100.2,760.2
5,1,08/22/2017,03:24:37,18.87,221.7,253.8,251.1,163,0.12,91.1,8.47,0.234,9.46,-143.9,109.8,109.8,0.164,2.01,0,0.56,2.19,0.19,0.18,16.65,49.57,0,4.6,18.631067,59.836334,91.1,760.2
5,2,08/22/2017,03:26:21,18.88,222,254,251.4,163,0.12,90.6,8.42,1.291,9.46,-144,106.3,106.3,0.909,2.21,0,0.53,2.1,0.19,0.18,16.65,49.55,0,4.7,18.631033,59.836334,90.6,760.3
5,3,08/22/2017,03:27:46,18.876,222.1,254.2,251.5,163,0.12,90.5,8.41,1.85,9.45,-143.5,104.7,104.7,1.303,2.88,0,0.59,2.32,0.21,0.19,16.52,49.16,0,4.7,18.631083,59.836315,90.4,760.3
4,1,08/22/2017,03:47:08,18.775,218.1,250.1,247.5,161,0.12,124.4,11.58,0.196,9.65,-155,93.1,93.1,0.138,0.94,0,0.42,1.64,0.16,0.14,15.33,45.6,0,4.7,18.631033,59.836349,124.3,760.4
4,2,08/22/2017,03:48:21,18.792,218.3,250.4,247.7,161,0.12,125,11.64,1.329,9.65,-155.2,82.1,82.1,0.936,1.26,0,0.42,1.63,0.13,0.12,15.34,45.63,0,4.7,18.631067,59.836349,124.9,760.3
4,3,08/22/2017,03:49:34,18.794,218.4,250.4,247.7,161,0.12,125,11.64,1.832,9.65,-155.1,73.2,73.2,1.29,0.9,0,0.45,1.74,0.14,0.12,15.34,45.62,0,4.7,18.63105,59.836369,124.9,760.4
7,1,08/22/2017,04:12:38,18.649,242.7,279.2,276.2,180,0.13,103.3,9.64,0.291,9.75,-160.4,90.3,90.3,0.205,1.61,0,0.52,2.04,0.18,0.17,15.36,45.67,0,4.7,18.631033,59.8363,103.2,760.3
7,2,08/22/2017,04:13:52,18.747,243.6,279.7,276.7,180,0.13,103.3,9.62,1.289,9.75,-160.7,86.2,86.2,0.908,1.72,0,0.5,1.95,0.19,0.18,15.42,45.85,0,4.6,18.63105,59.836315,103.2,760.4
7,3,08/22/2017,04:15:21,18.754,243.8,279.8,276.8,180,0.13,103.2,9.61,1.82,9.75,-160.6,83.1,83.1,1.281,1.76,0,0.58,2.29,0.18,0.17,15.47,46.02,0,4.7,18.631083,59.836315,103.1,760.4
10,1,08/22/2017,04:45:36,18.76,241.1,276.6,273.7,178,0.13,140.8,13.11,0.184,10.09,-180.7,74.8,74.8,0.129,0.42,0,0.4,1.56,0.15,0.13,14.75,43.84,0,4.7,18.631033,59.836285,140.7,760.4
10,2,08/22/2017,04:46:52,18.785,241.3,276.8,273.9,178,0.13,142.6,13.27,1.171,10.1,-181.1,52.9,52.9,0.824,0.44,0,0.41,1.59,0.14,0.13,14.77,43.91,0,4.7,18.631033,59.836285,142.5,760.2
10,3,08/22/2017,04:48:12,18.781,241.3,276.8,273.9,178,0.13,142.8,13.3,1.768,10.1,-181.1,36,36,1.245,0.42,0,0.45,1.76,0.16,0.15,14.78,43.92,0,4.7,18.631033,59.8363,142.8,760.3
12,1,08/22/2017,06:14:43,18.554,250,288.3,285.1,185,0.14,100.6,9.41,0.256,8.94,-113.2,111.2,111.2,0.181,0.79,0,0.21,0.77,0.04,0.03,13.65,40.54,0,4.8,18.631018,59.836369,100.5,760.6
12,2,08/22/2017,06:15:57,18.645,251.8,289.7,286.6,186,0.14,100.1,9.34,1.368,8.93,-113.1,110.4,110.4,0.963,0.82,0,0.28,1.07,0.01,0,13.55,40.24,0,4.8,18.63105,59.836384,100,760.5
12,3,08/22/2017,06:17:07,18.655,252.1,290,286.9,186,0.14,99.9,9.32,1.865,8.94,-113.1,109.8,109.8,1.313,0.84,0,0.26,0.99,0.03,0.02,13.49,40.07,0,4.8,18.630983,59.836384,99.8,760.6
8,1,08/22/2017,06:34:58,18.672,252.7,290.6,287.4,187,0.14,98.9,9.23,0.362,8.91,-111.7,119.9,119.9,0.255,0.51,0,0.14,0.52,0.01,0,13.1,38.87,0,4.7,18.631033,59.836334,98.8,760.8
8,2,08/22/2017,06:36:08,18.675,253,290.9,287.8,187,0.14,98.8,9.22,1.367,8.91,-111.8,118,118,0.963,0.49,0,0.16,0.61,0.01,-0.01,13.08,38.83,0,4.7,18.631018,59.836315,98.7,760.8
8,3,08/22/2017,06:37:17,18.682,253.1,290.9,287.8,187,0.14,98.7,9.21,1.867,8.91,-111.7,117.3,117.3,1.315,0.48,0,0.14,0.5,0.02,0.01,13.07,38.79,0,4.7,18.631001,59.836315,98.7,760
5,1,08/22/2017,07:02:25,18.626,221.6,255.1,252.3,164,0.12,86.8,8.1,0.27,9.41,-141,110.3,110.3,0.19,2.07,0,0.57,2.24,0.19,0.18,15.8,47.01,0,4.6,18.631018,59.836369,86.7,760.8
5,2,08/22/2017,07:04:26,18.709,222.6,255.7,252.9,164,0.12,85.7,7.99,1.32,9.42,-141.4,105.7,105.7,0.929,2.29,0,0.61,2.39,0.18,0.17,15.86,47.19,0,4.6,18.631033,59.836349,85.6,760.9
5,3,08/22/2017,07:06:14,18.718,222.7,255.8,253,164,0.12,85.6,7.98,1.844,9.42,-141.3,103.6,103.6,1.298,2.78,0,0.61,2.4,0.2,0.19,15.87,47.22,0,4.6,18.631018,59.836349,85.5,760.7
4,1,08/22/2017,07:35:13,18.59,217.4,250.4,247.7,161,0.12,119.5,11.17,0.249,9.62,-153.2,106,106,0.175,0.94,0,0.4,1.55,0.13,0.12,15.41,45.84,0,4.6,18.63105,59.836369,119.3,760.9
4,2,08/22/2017,07:36:53,18.634,217.8,250.6,247.9,161,0.12,120.5,11.26,1.366,9.63,-153.5,87.7,87.7,0.962,0.92,0,0.38,1.49,0.15,0.13,15.4,45.79,0,4.6,18.63105,59.836384,120.4,760.9
4,3,08/22/2017,07:38:02,18.636,217.8,250.7,248,161,0.12,120.7,11.27,1.851,9.63,-153.4,79.6,79.6,1.303,0.86,0,0.38,1.48,0.14,0.13,15.42,45.85,0,4.6,18.631033,59.836384,120.5,760.9
7,1,08/22/2017,07:54:19,18.6,242.4,279.2,276.1,179,0.13,99.9,9.34,0.288,9.72,-159.1,90.6,90.6,0.203,1.7,0,0.52,2.03,0.19,0.17,16.17,48.13,0,4.6,18.631033,59.836334,99.9,760.7
7,2,08/22/2017,07:56:28,18.612,242.7,279.5,276.5,180,0.13,100,9.34,1.326,9.73,-159.4,85.4,85.4,0.933,1.8,0,0.53,2.06,0.15,0.14,16.17,48.13,0,4.6,18.63105,59.836334,99.9,760.8
7,3,08/22/2017,07:57:46,18.614,242.9,279.6,276.6,180,0.13,100,9.35,1.834,9.73,-159.5,83.2,83.2,1.291,1.82,0,0.54,2.12,0.16,0.15,16.17,48.12,0,4.6,18.631033,59.836349,100,760.8
10,1,08/22/2017,08:18:59,18.641,240.1,276.3,273.3,178,0.13,137.8,12.87,0.417,10.09,-180.7,76.8,76.8,0.294,0.5,0,0.5,1.96,0.16,0.15,14.89,44.27,0,4.6,18.631018,59.8363,137.7,760.9
10,2,08/22/2017,08:20:20,18.641,240.3,276.5,273.5,178,0.13,139.4,13.02,1.327,10.09,-180.8,54.1,54.1,0.935,0.5,0,0.47,1.85,0.15,0.14,14.76,43.89,0,4.6,18.631018,59.836285,139.3,760.9
10,3,08/22/2017,08:21:32,18.641,240.3,276.5,273.5,178,0.13,139.8,13.06,1.849,10.09,-180.8,39,39,1.302,0.49,0,0.49,1.91,0.16,0.15,14.76,43.89,0,4.6,18.631018,59.836285,139.7,760.9
12,1,08/22/2017,10:09:13,18.537,251.4,289.9,286.8,186,0.14,101.6,9.51,0.32,8.98,-115.5,129.7,129.7,0.226,0.93,0,0.26,1,0.03,0.02,13.49,40.06,0,4.6,18.630966,59.836384,101.5,761
12,2,08/22/2017,10:10:28,18.541,251.5,290.1,286.9,186,0.14,100.9,9.45,1.318,8.96,-114.6,121.7,121.7,0.928,0.93,0,0.28,1.09,0.04,0.02,13.5,40.08,0,4.6,18.631001,59.836384,100.8,761.1
12,3,08/22/2017,10:11:27,18.539,251.5,290.1,286.9,186,0.14,100.6,9.41,1.827,8.96,-114.4,118.9,118.9,1.286,0.95,0,0.24,0.9,0.02,0.01,13.51,40.12,0,4.6,18.631018,59.836384,100.5,761.1
8,1,08/22/2017,10:28:59,18.556,252.6,291.3,288.1,187,0.14,99.4,9.3,0.387,8.92,-112.3,110.9,110.9,0.272,0.54,0,0.14,0.5,0.01,-0.01,13.07,38.79,0,4.6,18.631018,59.836334,99.2,761.2
8,2,08/22/2017,10:30:11,18.567,252.6,291.2,288,187,0.14,99.4,9.29,1.347,8.92,-112.2,110,110,0.949,0.53,0,0.14,0.51,0.01,0,13.03,38.68,0,4.6,18.631018,59.836334,99.2,761.2
8,3,08/22/2017,10:31:10,18.564,252.7,291.2,288.1,187,0.14,99.3,9.29,1.87,8.92,-112.2,109.6,109.6,1.317,0.54,0,0.16,0.58,0.02,0,13.03,38.66,0,4.6,18.631018,59.836349,99.2,761.1
5,1,08/22/2017,10:44:22,18.614,217.2,250.1,247.4,161,0.12,90.8,8.48,0.291,9.45,-143.3,103.1,103.1,0.205,2.53,0,0.58,2.29,0.17,0.16,16.62,49.48,0,4.5,18.631033,59.836334,90.6,761.1
5,2,08/22/2017,10:45:32,18.607,218.3,251.3,248.6,162,0.12,89.1,8.33,1.325,9.44,-142.6,99.9,99.9,0.933,2.59,0,0.61,2.41,0.18,0.16,16.59,49.39,0,4.5,18.631033,59.836349,89,761.1
5,3,08/22/2017,10:46:51,18.599,218.6,251.8,249,162,0.12,89.4,8.36,1.86,9.45,-142.9,97.6,97.6,1.31,2.88,0,0.6,2.38,0.19,0.17,16.58,49.34,0,4.6,18.63105,59.836349,89.3,761.1
4,1,08/22/2017,11:00:47,18.544,216.3,249.4,246.7,160,0.12,124.9,11.69,0.38,9.66,-155.2,116.8,116.8,0.268,1.05,0,0.37,1.43,0.13,0.12,15.11,44.91,0,4.5,18.631033,59.836384,124.7,761.1
4,2,08/22/2017,11:01:58,18.577,216.9,250,247.3,161,0.12,125,11.69,1.365,9.66,-155.3,102,102,0.961,1.06,0,0.36,1.4,0.1,0.08,14.99,44.55,0,4.6,18.63105,59.836384,124.8,761.4
4,3,08/22/2017,11:03:10,18.579,217,250,247.3,161,0.12,125.3,11.72,1.862,9.65,-154.9,91.1,91.1,1.311,1.05,0,0.37,1.45,0.11,0.1,14.98,44.55,0,4.5,18.631018,59.836369,125.2,761
7,1,08/22/2017,11:25:55,18.544,242.2,279.4,276.3,180,0.13,106.7,9.98,0.441,9.77,-161.7,94,94,0.311,2.41,0,0.54,2.1,0.18,0.17,16.01,47.64,0,4.5,18.631067,59.836369,106.5,761.3
7,2,08/22/2017,11:27:18,18.554,242.4,279.5,276.5,180,0.13,106.7,9.98,1.365,9.77,-161.7,88.7,88.7,0.961,2.55,0,0.57,2.25,0.16,0.15,16.01,47.64,0,4.5,18.6311,59.836418,106.5,761.3
7,3,08/22/2017,11:29:11,18.546,242.4,279.6,276.5,180,0.13,107,10.01,1.855,9.77,-161.9,84.6,84.6,1.306,2.38,0,0.57,2.25,0.16,0.14,16.03,47.71,0,4.5,18.631067,59.836349,106.8,761.3
10,1,08/22/2017,11:47:23,18.587,240,276.5,273.5,178,0.13,144.7,13.53,0.396,10.14,-183.3,73,73,0.279,0.94,0,0.6,2.38,0.15,0.14,14.57,43.31,0,4.4,18.631233,59.836384,144.4,761.7
10,2,08/22/2017,11:49:07,18.587,240.1,276.6,273.6,178,0.13,146.3,13.68,1.368,10.14,-183.3,46.5,46.5,0.963,0.86,0,0.63,2.47,0.15,0.14,14.64,43.51,0,4.4,18.631067,59.836315,146,761.4
10,3,08/22/2017,11:50:57,18.588,240.1,276.6,273.6,178,0.13,146.6,13.7,1.859,10.14,-183.3,28,28,1.309,1.74,0,0.71,2.79,0.19,0.18,14.59,43.35,0,4.5,18.631018,59.836315,146.4,761.3
12,1,08/22/2017,14:16:15,18.378,250.4,289.9,286.6,186,0.14,102.2,9.59,0.24,8.99,-116,87.1,87.1,0.169,2.32,0,0.66,2.61,0.09,0.08,13.36,39.67,0,4.7,18.630966,59.836384,102,761.8
12,2,08/22/2017,14:17:28,18.385,250.4,289.9,286.7,186,0.14,102.2,9.59,1.4,8.99,-116.2,87.3,87.3,0.986,2.18,0,2.07,8.3,0.08,0.07,13.34,39.59,0,4.7,18.630983,59.836384,102,761.8
12,3,08/22/2017,14:18:43,18.386,250.4,289.9,286.7,186,0.14,102.2,9.6,1.864,8.98,-115.6,88.3,88.3,1.312,2.52,0,0.78,3.06,0.08,0.06,13.29,39.46,0,4.7,18.631001,59.836384,102,761.7
8,1,08/22/2017,14:36:02,18.399,251.5,291.1,287.8,187,0.14,101.5,9.52,0.243,8.95,-114,97.1,97.1,0.171,2.7,0,0.4,1.54,0.05,0.04,12.76,37.87,0,4.5,18.63105,59.836369,101.2,762
8,2,08/22/2017,14:37:10,18.413,251.6,291.1,287.9,187,0.14,101.5,9.52,1.409,8.95,-114,96.8,96.8,0.992,2.99,0,0.55,2.15,0.06,0.04,12.73,37.76,0,4.5,18.631033,59.836349,101.2,761.7
8,3,08/22/2017,14:38:24,18.42,251.7,291.1,287.9,187,0.14,101.4,9.51,1.837,8.95,-113.7,96,96,1.293,8,0,0.73,2.88,0.07,0.06,12.27,36.38,0,4.5,18.631018,59.836315,101.2,761.7
5,1,08/22/2017,14:58:25,18.433,219.8,254.1,251.3,163,0.12,99.3,9.31,0.253,9.52,-147.4,91.4,91.4,0.178,5.35,0,0.82,3.23,0.2,0.19,16.29,48.47,0,4.5,18.63105,59.836369,99.1,761.6
5,2,08/22/2017,14:59:43,18.443,219.9,254.2,251.4,163,0.12,99.1,9.29,1.4,9.52,-147.5,89,89,0.986,5.57,0,0.72,2.84,0.25,0.23,16.26,48.39,0,4.5,18.63105,59.836334,98.9,761.7
5,3,08/22/2017,15:00:56,18.447,220,254.3,251.5,163,0.12,97.9,9.18,1.877,9.5,-146.3,88.1,88.1,1.321,38.86,0,1.76,7.04,0.57,0.56,13.25,39.34,0,4.5,18.631033,59.836315,97.7,761.9
4,1,08/22/2017,15:14:35,18.425,214.3,247.8,245,159,0.12,129.9,12.19,0.238,9.71,-158.4,80.5,80.5,0.168,2.68,0,0.51,1.99,0.15,0.14,9.6,28.36,0,4.5,18.631033,59.836369,129.6,761.9
4,2,08/22/2017,15:15:57,18.456,214.6,248,245.3,159,0.12,131,12.28,1.418,9.71,-158.4,69.2,69.2,0.999,2.93,0,0.48,1.89,0.14,0.13,14.73,43.8,0,4.5,18.63105,59.836369,130.7,761.8
4,3,08/22/2017,15:17:06,18.456,214.7,248.1,245.4,159,0.12,131,12.28,1.871,9.71,-158,61.9,61.9,1.317,3.65,0,0.68,2.66,0.16,0.15,14.66,43.58,0,4.5,18.631033,59.836349,130.7,761.7
7,1,08/22/2017,15:38:46,18.37,241,279,275.9,179,0.13,116.6,10.95,0.362,9.83,-165.5,76.1,76.1,0.255,6.26,0,0.76,3.02,0.19,0.17,15.47,46.02,0,4.5,18.631067,59.836334,116.4,761.6
7,2,08/22/2017,15:40:36,18.373,241.1,279.2,276.1,179,0.13,117.1,10.99,1.46,9.84,-165.8,70.3,70.3,1.028,6.24,0,0.78,3.07,0.18,0.17,15.49,46.06,0,4.4,18.63105,59.836334,116.8,761.7
7,3,08/22/2017,15:41:56,18.372,241.1,279.2,276.1,179,0.13,117,10.99,1.819,9.83,-165.3,67.9,67.9,1.281,18.83,0,2.49,9.96,0.41,0.4,14.06,41.78,0,4.4,18.63105,59.836315,116.8,761.8
10,1,08/22/2017,15:57:21,18.416,238.9,276.3,273.2,178,0.13,153.5,14.39,0.296,10.19,-186.3,46.5,46.5,0.208,1.89,0,0.71,2.81,0.17,0.16,14.5,43.08,0,4.4,18.63105,59.8363,153.1,761.9
10,2,08/22/2017,15:58:42,18.427,239,276.4,273.3,178,0.13,155.6,14.59,1.339,10.2,-186.6,26.3,26.3,0.943,1.9,0,0.75,2.98,0.19,0.17,14.47,43,0,4.5,18.63105,59.8363,155.2,761.8
10,3,08/22/2017,15:59:59,18.429,238.9,276.3,273.2,178,0.13,155.2,14.56,1.94,10.19,-186,13.5,13.5,1.366,6.68,0,1.01,4.02,0.23,0.22,13.94,41.41,0,4.4,18.631067,59.836315,154.9,761.9
12,1,08/22/2017,18:13:11,18.192,249.4,290,286.7,186,0.14,103,9.7,0.349,9,-117,91.1,91.1,0.246,2.58,0,0.64,2.53,0.07,0.05,13.25,39.34,0,4.6,18.631117,59.8363,102.7,761.8
12,2,08/22/2017,18:14:39,18.215,249.6,290,286.8,186,0.14,103.1,9.71,1.361,9.01,-117.1,90.9,90.9,0.958,2.76,0,0.6,2.38,0.06,0.05,13.23,39.27,0,4.6,18.63105,59.8363,102.8,761.9
12,3,08/22/2017,18:15:56,18.216,249.6,290,286.7,186,0.14,103,9.7,1.911,9,-116.7,91.4,91.4,1.345,39.05,0,1,3.95,0.27,0.26,11.17,33.09,0,4.6,18.630934,59.836349,102.7,761.9
8,1,08/22/2017,18:50:02,18.205,249.5,290,286.7,186,0.14,101.8,9.59,0.437,8.96,-114.6,95.6,95.6,0.308,4.52,0,0.46,1.81,0.05,0.03,12.46,36.95,0,4.5,18.631018,59.8363,101.6,761.8
8,2,08/22/2017,18:51:16,18.231,249.9,290.3,287,187,0.14,101.9,9.6,1.319,8.96,-114.6,95.4,95.4,0.929,4.54,0,0.52,2.03,0.05,0.03,12.46,36.96,0,4.5,18.631083,59.836369,101.7,761.9
8,3,08/22/2017,18:52:35,18.23,249.9,290.3,287,187,0.14,101.9,9.59,1.881,8.95,-114.1,96,96,1.325,6.99,0,0.62,2.42,0.22,0.21,12.18,36.11,0,4.4,18.631067,59.836349,101.6,761.8
5,1,08/22/2017,19:09:18,18.237,218.5,253.8,250.9,163,0.12,101.6,9.56,0.45,9.55,-148.7,96.2,96.2,0.317,4.95,0,0.66,2.6,0.19,0.18,16.32,48.56,0,4.3,18.631067,59.836369,101.3,761.7
5,2,08/22/2017,19:10:35,18.259,218.7,253.9,251.1,163,0.12,101.6,9.57,1.396,9.55,-148.8,92,92,0.983,4.9,0,0.73,2.88,0.2,0.19,16.33,48.6,0,4.3,18.63105,59.836369,101.4,761.8
5,3,08/22/2017,19:11:38,18.26,218.8,254,251.2,163,0.12,101.3,9.53,1.893,9.54,-148.3,91.4,91.4,1.333,6.92,0,0.72,2.84,0.27,0.26,15.95,47.44,0,4.3,18.63105,59.836384,101,761.9
4,1,08/22/2017,19:29:46,18.251,214,248.5,245.7,160,0.12,131.1,12.34,0.597,9.73,-159,83.3,83.3,0.42,2.44,0,0.38,1.49,0.12,0.11,15.08,44.84,0,4.3,18.63105,59.836369,130.8,761.8
4,2,08/22/2017,19:31:23,18.272,214.2,248.6,245.8,160,0.12,132.3,12.45,0.456,9.73,-159.3,68.1,68.1,0.321,2.45,0,0.39,1.53,0.12,0.11,15.07,44.8,0,4.4,18.63105,59.836349,132,761.9
4,3,08/22/2017,19:32:38,18.282,214.3,248.6,245.8,160,0.12,132.7,12.48,1.4,9.73,-159.3,60.7,60.7,0.985,2.52,0,0.37,1.42,0.1,0.09,15.09,44.88,0,4.4,18.631067,59.836369,132.3,762
7,NA,08/22/2017,19:33:41,18.278,214.3,248.7,245.9,160,0.12,132.5,12.47,1.889,9.73,-159.1,55.2,55.2,1.33,2.51,0,0.48,1.89,0.15,0.14,15.08,44.85,0,4.4,18.631018,59.836399,132.2,761.9
7,1,08/22/2017,19:45:13,18.174,237.5,276.3,273.2,178,0.13,117.8,11.11,0.433,9.85,-166,66.8,66.8,0.305,6.47,0,0.73,2.89,0.2,0.18,15.46,45.97,0,4.3,18.631083,59.836315,117.5,762
7,2,08/22/2017,19:46:25,18.202,238.3,277,273.9,178,0.13,118.5,11.16,1.393,9.85,-166.2,63.4,63.4,0.981,6.76,0,0.79,3.12,0.2,0.19,15.47,46.02,0,4.3,18.631033,59.836334,118.2,761.9
7,3,08/22/2017,19:47:36,18.204,238.5,277.2,274,178,0.13,118.6,11.17,1.889,9.85,-166.1,61.4,61.4,1.33,6.94,0,0.73,2.86,0.18,0.17,15.41,45.83,0,4.3,18.63105,59.836315,118.3,761.9
10,1,08/22/2017,20:02:29,18.201,234,272,268.9,175,0.13,151.7,14.29,0.393,10.21,-187.4,52.7,52.7,0.277,1.54,0,0.48,1.87,0.15,0.14,13.6,40.4,0,4.3,18.63105,59.8363,151.3,761.9
10,2,08/22/2017,20:03:42,18.227,234.9,272.9,269.8,175,0.13,154.1,14.51,1.404,10.22,-187.6,31.9,31.9,0.988,1.72,0,0.5,1.97,0.15,0.13,13.63,40.49,0,4.3,18.631033,59.836315,153.7,761.9
10,3,08/22/2017,20:04:52,18.22,235.1,273.2,270.1,176,0.13,154.6,14.56,1.877,10.2,-187,17.4,17.4,1.322,26.86,0,0.77,3.06,0.25,0.24,11.05,32.72,0,4.3,18.630983,59.8363,154.2,761.9
12,1,08/22/2017,22:29:52,17.932,243.9,285.3,281.9,183,0.13,101.2,9.59,0.344,8.99,-116.1,78,78,0.242,2.7,0,0.9,3.57,0.1,0.09,13.13,38.97,0,4.3,18.630951,59.836384,101,761.8
12,2,08/22/2017,22:31:01,17.94,244.7,286.2,282.9,184,0.14,101.1,9.58,1.392,8.99,-115.9,78.8,78.8,0.98,2.79,0,0.72,2.83,0.1,0.09,13.12,38.94,0,4.3,18.630966,59.836384,100.8,761.9
12,3,08/22/2017,22:32:08,17.942,245.1,286.7,283.3,184,0.14,100.6,9.53,1.885,8.97,-115,81.1,81.1,1.327,4.7,0,1.63,6.5,0.36,0.35,12.85,38.14,0,4.3,18.630951,59.836384,100.3,762.1
8,1,08/22/2017,22:57:52,17.946,249.1,291.3,287.9,187,0.14,99.9,9.46,0.236,8.94,-113.3,90.2,90.2,0.166,4.87,0,0.55,2.16,0.06,0.04,12.55,37.21,0,4.2,18.631067,59.8363,99.6,762
8,2,08/22/2017,22:58:57,17.954,249.3,291.4,288,187,0.14,99.7,9.44,1.367,8.94,-113.4,90,90,0.962,4.77,0,0.58,2.3,0.05,0.04,12.5,37.09,0,4.2,18.631067,59.836285,99.5,761.8
8,3,08/22/2017,23:00:10,17.958,249.3,291.5,288.1,187,0.14,99.6,9.43,1.713,8.93,-112.5,91,91,1.206,36.2,0,1.33,5.29,0.25,0.24,10.65,31.51,0,4.2,18.631033,59.8363,99.3,761.9
5,1,08/22/2017,23:13:32,17.97,210.4,245.9,243,158,0.12,95.6,9.05,0.273,9.5,-145.6,80.8,80.8,0.192,6.4,0,0.74,2.91,0.22,0.21,16.4,48.82,0,4.1,18.6311,59.836334,95.3,761.8
5,2,08/22/2017,23:14:51,17.967,212.1,247.9,245,159,0.12,95.3,9.02,1.361,9.5,-145.7,79.1,79.1,0.958,4.59,0,0.77,3.04,0.23,0.21,16.39,48.79,0,4.2,18.631067,59.836369,95.1,761.8
5,3,08/22/2017,23:16:04,17.969,212.7,248.6,245.7,160,0.12,94.7,8.97,1.87,9.48,-144.9,78.1,78.1,1.316,158.89,0,3.84,15.41,0.72,0.71,12.3,36.48,0,4.1,18.63105,59.836334,94.5,761.6
4,1,08/22/2017,23:29:28,17.973,212.3,248.1,245.2,159,0.12,125.1,11.84,0.333,9.7,-157.3,69.6,69.6,0.235,2.35,0,0.4,1.54,0.13,0.12,15.11,44.94,0,4.2,18.6311,59.836285,124.8,761.8
4,2,08/22/2017,23:30:46,17.981,212.9,248.8,245.9,160,0.12,125.6,11.89,1.348,9.7,-157.4,60.3,60.3,0.949,2.32,0,0.4,1.57,0.13,0.11,15.07,44.81,0,4.1,18.631033,59.8363,125.3,761.8
4,3,08/22/2017,23:31:57,17.977,213,248.9,246,160,0.12,125.8,11.9,1.894,9.69,-157.1,53.4,53.4,1.333,2.32,0,0.38,1.48,0.11,0.1,15.08,44.85,0,4.2,18.631033,59.8363,125.5,761.7
7,1,08/22/2017,23:47:28,17.902,238.5,279.2,276,179,0.13,111,10.52,0.282,9.8,-163.3,62.9,62.9,0.199,6.36,0,0.65,2.55,0.19,0.18,15.61,46.43,0,4.2,18.631083,59.836334,110.7,761.8
7,2,08/22/2017,23:48:45,17.915,238.7,279.4,276.1,179,0.13,111.1,10.53,1.373,9.81,-163.6,59.4,59.4,0.967,6.25,0,0.67,2.62,0.2,0.19,15.53,46.21,0,4.2,18.631132,59.836315,110.9,761.8
7,3,08/22/2017,23:49:53,17.915,238.8,279.4,276.2,180,0.13,111.1,10.53,1.868,9.79,-162.8,57.9,57.9,1.315,8.6,0,0.78,3.09,0.23,0.22,15.19,45.18,0,4.2,18.631117,59.836334,110.8,761.8
10,1,08/23/2017,00:03:48,17.892,235.8,276,272.8,177,0.13,143.6,13.62,0.272,10.16,-184.3,42.7,42.7,0.191,1.45,0,0.4,1.55,0.13,0.11,14.64,43.51,0,4.1,18.63105,59.836315,143.3,761.7
10,2,08/23/2017,00:05:06,17.917,236.1,276.2,273,177,0.13,145.4,13.78,1.345,10.17,-185,20.7,20.7,0.947,1.43,0,0.43,1.67,0.13,0.11,14.6,43.4,0,4.1,18.631033,59.836315,145.1,761.7
10,3,08/23/2017,00:06:17,17.915,236.1,276.2,273,177,0.13,145.7,13.81,1.632,10.17,-185,7.1,7.1,1.149,1.52,0,0.4,1.57,0.12,0.11,14.59,43.37,0,4.1,18.63105,59.836315,145.4,761.7
12,1,08/23/2017,02:19:27,17.611,246.5,290.5,287,187,0.14,99.1,9.45,0.458,8.97,-114.8,88.9,88.9,0.322,2.75,0,0.87,3.44,0.08,0.07,13.35,39.63,0,4.1,18.631033,59.836384,98.9,761.2
12,2,08/23/2017,02:20:46,17.653,246.9,290.7,287.2,187,0.14,98.9,9.42,1.349,8.97,-114.8,88.9,88.9,0.95,2.68,0,0.9,3.55,0.13,0.12,13.26,39.37,0,4.1,18.631033,59.836369,98.8,761.1
12,3,08/23/2017,02:21:55,17.655,246.9,290.7,287.2,187,0.14,98.7,9.41,1.869,8.96,-114.1,89.8,89.8,1.316,11.86,0,0.68,2.69,0.12,0.1,12.58,37.31,0,4.1,18.630966,59.836369,98.6,761.2
8,1,08/23/2017,02:44:31,17.684,247.4,291.1,287.6,187,0.14,98,9.33,0.376,8.93,-112.4,95.8,95.8,0.265,4.87,0,0.65,2.58,0.05,0.03,12.49,37.05,0,4,18.63105,59.836315,97.8,761.2
8,2,08/23/2017,02:45:45,17.685,247.8,291.6,288.1,187,0.14,97.8,9.31,1.378,8.93,-112.4,95.8,95.8,0.97,5.1,0,0.68,2.68,0.07,0.05,12.45,36.94,0,4,18.631067,59.836315,97.6,761.1
8,3,08/23/2017,02:46:59,17.687,247.9,291.6,288.1,187,0.14,97.6,9.29,1.875,8.92,-111.9,96.3,96.3,1.32,11.84,0,0.96,3.79,0.12,0.11,11.75,34.83,0,4,18.631067,59.836369,97.4,761.1
5,1,08/23/2017,03:04:44,17.692,216.9,255.2,252.1,164,0.12,90.2,8.59,0.38,9.44,-142.3,89.5,89.5,0.268,4.02,0,0.67,2.64,0.21,0.19,16.45,48.95,0,4,18.631083,59.836315,90.1,761.2
5,2,08/23/2017,03:06:06,17.711,217.2,255.4,252.4,164,0.12,89.5,8.52,1.339,9.45,-142.6,86.7,86.7,0.943,3.87,0,0.68,2.69,0.2,0.19,16.44,48.93,0,3.9,18.631083,59.836349,89.4,761.2
5,3,08/23/2017,03:07:17,17.713,217.2,255.4,252.4,164,0.12,89.4,8.5,1.863,9.44,-141.9,86.1,86.1,1.312,38.99,0,2.39,9.56,0.54,0.53,14.15,42.05,0,4,18.631067,59.836334,89.2,761.1
4,1,08/23/2017,03:26:23,17.719,209.8,246.7,243.7,158,0.12,119.3,11.36,0.396,9.66,-154.8,78.1,78.1,0.279,2.05,0,0.49,1.9,0.14,0.13,15.15,45.06,0,4,18.631067,59.836369,119.2,761
4,2,08/23/2017,03:27:42,17.726,210.3,247.2,244.2,159,0.12,119.9,11.41,1.321,9.66,-155.1,68.1,68.1,0.93,2.11,0,0.51,1.98,0.14,0.13,15.12,44.95,0,4,18.631033,59.836384,119.7,761.1
4,3,08/23/2017,03:29:01,17.726,210.5,247.4,244.4,159,0.12,119.9,11.4,1.864,9.66,-154.8,61.3,61.3,1.312,2.19,0,0.55,2.18,0.13,0.12,15.1,44.9,0,4,18.631018,59.836384,119.7,761.1
7,1,08/23/2017,03:45:44,17.64,235.6,277.5,274.1,178,0.13,104.8,9.99,0.427,9.76,-160.9,74.1,74.1,0.3,5.94,0,0.71,2.8,0.18,0.16,15.66,46.58,0,3.9,18.631067,59.836315,104.7,761.2
7,2,08/23/2017,03:46:58,17.653,236,277.9,274.5,178,0.13,104.9,9.99,1.361,9.77,-161.1,69.5,69.5,0.958,5.87,0,0.74,2.93,0.25,0.24,15.6,46.4,0,3.9,18.631067,59.836334,104.7,761.1
7,3,08/23/2017,03:48:08,17.654,236.2,278.1,274.7,179,0.13,104.6,9.97,1.854,9.75,-160.5,67,67,1.305,82.45,0,1.03,4.1,0.4,0.39,13.85,41.14,0,4,18.63105,59.836334,104.5,761.1
10,1,08/23/2017,04:07:52,17.642,233.6,275.1,271.8,177,0.13,136.7,13.02,0.426,10.14,-182.7,53.7,53.7,0.3,1.34,0,0.55,2.17,0.15,0.13,14.68,43.64,0,4,18.631018,59.8363,136.4,761.4
10,2,08/23/2017,04:09:14,17.646,233.8,275.3,272,177,0.13,137.8,13.14,1.334,10.14,-182.9,30.3,30.3,0.939,1.34,0,0.49,1.9,0.15,0.13,14.69,43.68,0,4,18.631018,59.8363,137.6,761.4
10,3,08/23/2017,04:10:28,17.644,233.7,275.2,271.9,177,0.13,137.8,13.13,1.817,10.13,-182.4,14.6,14.6,1.279,45.35,0,0.99,3.94,0.29,0.28,13.01,38.62,0,4,18.631018,59.8363,137.6,761.3
12,1,08/23/2017,06:24:55,17.48,246.1,291,287.4,187,0.14,97.5,9.32,0.365,8.94,-113,84.9,84.9,0.257,3.09,0,0.64,2.52,0.05,0.04,13.22,39.23,0,4.4,18.630966,59.836349,97.4,761.2
12,2,08/23/2017,06:26:30,17.498,246.3,291.1,287.5,187,0.14,97.2,9.29,1.345,8.94,-113.2,85.1,85.1,0.947,3.07,0,0.91,3.59,0.06,0.05,13.13,38.98,0,4.4,18.630917,59.836369,97,761.5
12,3,08/23/2017,06:27:43,17.502,246.3,291.1,287.5,187,0.14,97,9.27,1.801,8.94,-112.7,85.9,85.9,1.268,3.36,0,1.09,4.32,0.08,0.07,13.06,38.77,0,4.3,18.630934,59.836349,96.8,761.5
8,1,08/23/2017,06:43:07,17.526,247.3,292,288.4,187,0.14,96.4,9.21,0.325,8.9,-110.8,91.4,91.4,0.229,5.85,0,0.61,2.4,0.04,0.03,12.36,36.64,0,4.1,18.631033,59.836334,96.2,761.5
8,2,08/23/2017,06:44:23,17.528,247.3,292.1,288.5,188,0.14,96.2,9.19,1.354,8.9,-110.9,91.4,91.4,0.953,5.88,0,0.64,2.51,0.03,0.01,12.35,36.63,0,4.1,18.631018,59.836315,96,761.5
8,3,08/23/2017,06:45:42,17.527,247.4,292.1,288.5,188,0.14,96,9.17,1.852,8.9,-110.8,91.5,91.5,1.304,39.89,0,1.14,4.54,0.14,0.13,10.95,32.42,0,4.1,18.631033,59.836334,95.8,761.5
5,1,08/23/2017,06:58:10,17.577,217.1,256.1,253,164,0.12,85.6,8.17,0.411,9.39,-139.1,85.2,85.2,0.289,4.16,0,0.91,3.61,0.24,0.22,15.5,46.09,0,3.9,18.631018,59.836315,85.4,761.4
5,2,08/23/2017,06:59:55,17.578,217.2,256.2,253.1,165,0.12,84.9,8.11,1.372,9.39,-139.1,83.1,83.1,0.966,4.32,0,0.84,3.33,0.25,0.24,15.58,46.34,0,4,18.631033,59.836334,84.8,761.4
5,3,08/23/2017,07:01:10,17.578,217.2,256.2,253.1,164,0.12,84.8,8.09,1.803,9.38,-138.9,82.2,82.2,1.269,7.43,0,0.9,3.58,0.28,0.27,15.2,45.2,0,4,18.631018,59.836334,84.6,761.4
4,1,08/23/2017,07:20:22,17.551,211.4,249.5,246.5,160,0.12,115,10.98,0.355,9.63,-153.3,78.8,78.8,0.25,1.96,0,0.45,1.74,0.13,0.11,14.99,44.57,0,4,18.63105,59.836334,114.8,761.5
4,2,08/23/2017,07:21:43,17.59,211.9,249.8,246.8,160,0.12,115.5,11.02,1.419,9.63,-153.4,68.3,68.3,0.999,2.03,0,0.45,1.75,0.11,0.1,14.97,44.52,0,4,18.631067,59.836369,115.2,761.5
4,3,08/23/2017,07:22:58,17.591,211.9,249.9,246.8,160,0.12,115.4,11.01,1.876,9.63,-153.2,62.4,62.4,1.321,2.12,0,0.41,1.61,0.12,0.11,14.95,44.44,0,4,18.631067,59.836349,115.2,761.6
7,1,08/23/2017,07:43:18,17.485,237,280.1,276.7,180,0.13,100.9,9.64,0.527,9.73,-159,81.2,81.2,0.371,7.06,0,0.8,3.16,0.24,0.23,15.39,45.76,0,4,18.631033,59.836334,100.6,761.5
7,2,08/23/2017,07:44:43,17.502,237.1,280.2,276.7,180,0.13,100.5,9.61,1.464,9.73,-159.1,76.9,76.9,1.03,6.27,0,0.83,3.28,0.18,0.17,15.42,45.85,0,4,18.631033,59.836334,100.3,761.6
7,3,08/23/2017,07:45:58,17.504,237.1,280.2,276.8,180,0.13,100.3,9.58,1.902,9.72,-158.5,74.9,74.9,1.339,25.86,0,1.16,4.62,0.32,0.31,9.18,27.09,0,4,18.63105,59.836334,100.1,761.6
10,1,08/23/2017,08:03:30,17.523,233.6,275.9,272.5,177,0.13,133.3,12.74,0.245,10.12,-181.6,44.6,44.6,0.172,1.24,0,0.54,2.12,0.14,0.12,14.54,43.21,0,4,18.631033,59.8363,133.1,761.5
10,2,08/23/2017,08:04:52,17.519,233.6,275.9,272.5,177,0.13,133.2,12.73,1.395,10.12,-181.4,25.9,25.9,0.982,1.24,0,0.69,2.73,0.15,0.14,14.58,43.33,0,4,18.63105,59.8363,132.9,761.5
10,3,08/23/2017,08:06:22,17.527,233.2,275.4,272,177,0.13,133,12.7,1.873,10.09,-180,11.7,11.7,1.318,27.66,0,0.8,3.18,0.26,0.25,11.85,35.13,0,4,18.63105,59.8363,132.7,761.5
12,1,08/23/2017,10:02:09,17.508,245.1,289.6,286,186,0.14,98,9.37,0.47,8.95,-113.4,104.2,104.2,0.331,2.97,0,0.74,2.94,0.06,0.04,13.1,38.89,0,4.3,18.631018,59.836334,97.8,761.9
12,2,08/23/2017,10:03:33,17.5,245.2,289.8,286.2,186,0.14,97.9,9.36,1.398,8.95,-113.5,103.6,103.6,0.984,2.79,0,0.56,2.2,0.04,0.03,13.08,38.83,0,4.3,18.630966,59.836349,97.7,761.7
12,3,08/23/2017,10:04:46,17.504,245.3,289.8,286.3,186,0.14,97.6,9.33,1.919,8.93,-112.4,104.1,104.1,1.351,286.99,0,1.78,7.12,0.24,0.23,9.89,29.22,0,4.2,18.630983,59.836315,97.4,761.8
8,1,08/23/2017,10:16:28,17.552,246.3,290.7,287.1,187,0.14,96.9,9.25,0.232,8.91,-111.3,102.6,102.6,0.164,5.63,0,0.52,2.02,0.04,0.03,12.26,36.37,0,4,18.631033,59.836369,96.7,761.8
8,2,08/23/2017,10:17:51,17.544,246.4,290.9,287.3,187,0.14,96.8,9.24,1.413,8.91,-111.2,102.4,102.4,0.994,5.51,0,0.4,1.56,0.02,0.01,12.31,36.5,0,4,18.631033,59.836349,96.5,761.8
8,3,08/23/2017,10:19:07,17.55,246.5,291,287.4,187,0.14,96.5,9.22,1.881,8.89,-110.4,102.6,102.6,1.324,87.13,0,0.9,3.56,0.25,0.23,5.99,17.49,0,4,18.631067,59.836315,96.3,761.9
5,1,08/23/2017,10:31:02,17.657,217.6,256.2,253.1,164,0.12,88.2,8.4,0.311,9.4,-140,92.9,92.9,0.219,5.66,0,0.96,3.8,0.2,0.19,16.11,47.93,0,4.1,18.631018,59.836349,87.9,761.9
5,2,08/23/2017,10:32:38,17.62,217.4,256.1,253,164,0.12,86.9,8.28,1.37,9.4,-139.6,90.8,90.8,0.964,4.46,0,0.93,3.71,0.22,0.21,16.29,48.47,0,4,18.63105,59.836315,86.6,762.2
5,3,08/23/2017,10:34:08,17.616,217.4,256.2,253.1,164,0.12,86.5,8.25,1.781,9.39,-139.3,89.5,89.5,1.254,8.27,0,1.17,4.64,0.28,0.27,15.59,46.39,0,4,18.631033,59.836334,86.3,761.9
4,1,08/23/2017,10:45:43,17.669,211.9,249.4,246.4,160,0.12,118.9,11.33,0.303,9.66,-155.2,86.4,86.4,0.213,1.94,0,0.37,1.45,0.11,0.1,15,44.61,0,4,18.631018,59.836349,118.7,761.8
4,2,08/23/2017,10:47:08,17.639,211.9,249.5,246.5,160,0.12,117.9,11.24,1.4,9.65,-154.3,75.3,75.3,0.985,1.91,0,0.39,1.51,0.1,0.09,15.04,44.72,0,4,18.63105,59.836349,117.6,761.8
4,3,08/23/2017,10:48:24,17.625,211.9,249.7,246.6,160,0.12,117.3,11.19,1.858,9.64,-153.9,68.5,68.5,1.308,2.06,0,0.38,1.49,0.09,0.08,15.04,44.72,0,4,18.63105,59.836334,117.1,761.8
7,1,08/23/2017,10:58:07,17.589,237.1,279.6,276.2,180,0.13,106.1,10.12,0.306,9.77,-161,76,76,0.215,6.49,0,0.78,3.09,0.16,0.15,15.38,45.75,0,4.1,18.631067,59.836315,105.8,761.9
7,2,08/23/2017,10:59:29,17.558,237.1,279.8,276.4,180,0.13,104.1,9.93,1.405,9.75,-160.2,73.5,73.5,0.989,6.52,0,0.84,3.33,0.19,0.18,15.43,45.88,0,4.1,18.6311,59.836315,103.8,762
7,3,08/23/2017,11:00:40,17.554,236.9,279.6,276.2,180,0.13,102.1,9.74,1.913,9.71,-157.9,72.4,72.4,1.347,79.05,0,1.69,6.75,1.45,1.45,8.51,25.07,0,4.1,18.631083,59.836315,101.8,762.1
10,1,08/23/2017,11:07:36,17.666,234.3,275.8,272.5,177,0.13,139.3,13.27,0.294,10.16,-184,54.9,54.9,0.207,1.62,0,0.58,2.3,0.13,0.12,14.49,43.05,0,4.1,18.631018,59.8363,139,761.9
10,2,08/23/2017,11:09:04,17.59,233.9,275.8,272.5,177,0.13,136,12.98,1.423,10.13,-182.1,35.1,35.1,1.002,1.94,0,0.76,2.99,0.16,0.14,14.54,43.22,0,4.1,18.63105,59.836315,135.7,761.9
10,3,08/23/2017,11:10:05,17.585,233.8,275.7,272.4,177,0.13,135.4,12.92,1.908,10.11,-181.1,25.1,25.1,1.343,7.11,0,0.97,3.84,0.26,0.25,13.35,39.63,0,4.1,18.631067,59.836449,135,762
